<?xml version="1.0" encoding="UTF-8" standalone="yes"?>
<addon id="service.subtitles.ktuvit_plus" name="Ktuvit Plus" version="1.1.2" provider-name="burekas">
    <requires>
        <import addon="xbmc.python" version="3.0.0"/>
        <import addon="script.module.beautifulsoup4" version="4.8.2"/>
        <import addon="script.module.requests" version="2.9.1"/>    
    </requires>
    <extension point="xbmc.subtitle.module" library="service.py"/>
    <extension point="xbmc.addon.metadata">
        <summary lang="en_GB">Ktuvit.me</summary>
        <description lang="en_GB">[CR]Search and Download subtitles from ktuvit.me.[CR][CR]Made by Burekas[CR]Thanks to: Catz.[CR][CR]For news, updates and more info - Visit: https://bit.ly/3DaU7JT[CR][CR]Burekas Repo: https://bit.ly/49mJge3</description>
        <source>https://github.com/XBMCil/service.subtitles.ktuvit</source>
        <license>GNU GENERAL PUBLIC LICENSE. Version 2, June 1991</license>
        <assets>
            <icon>icon.png</icon>
        </assets>
    </extension>
</addon>