<?xml version="1.0" encoding="UTF-8"?>
<addons>
<addon id="context.subtitlesdialog.contextmenu" name="Subtitles Dialog - Contextmenu" version="1.1.1" provider-name="burekas">
    <requires>
        <import addon="xbmc.python" version="3.0.0"/>
    </requires>
    <extension point="kodi.context.item" library="addon.py">
        <item>
            <label>32000</label>
            <visible>true</visible>
        </item>
    </extension>
    <extension point="xbmc.addon.metadata">
        <assets>
            <icon>icon.png</icon>
        </assets>
        <summary lang="en">Adds a subtitles dialog contextmenu button</summary>
        <description lang="en">Adds a subtitles dialog contextmenu button to context menu, so you can use the subtitles dialog also when kodi is not playing.[CR] You can use when focusing on an item and it will automatically check it for you without typing or just using the manual search button to check if subtitles exist</description>
        <platform>all</platform>
        <language></language>
        <license>GNU GENERAL PUBLIC LICENSE. Version 3, 29 June 2007</license>
        <forum>http://www.hometheater.co.il/vt265959.html</forum>
        <source></source>
    </extension>
</addon>

<addon id="repository.burekasKodi" name="Burekas Repo" version="1.0.0" provider-name="burekas">
    <requires>
        <import addon="xbmc.addon" version="12.0.0"/>
    </requires>
    <extension point="xbmc.addon.repository" name="Burekas Repo">
        <info compressed="false">https://raw.githubusercontent.com/burekasKodi/repository.burekasKodi/main/addons.xml</info>
        <checksum>https://raw.githubusercontent.com/burekasKodi/repository.burekasKodi/main/addons.xml.md5</checksum>
        <datadir zip="true">https://raw.githubusercontent.com/burekasKodi/repository.burekasKodi/main/zips/</datadir>
        <hashes>false</hashes>
    </extension>
    <extension point="xbmc.addon.metadata">
        <summary>Burekas Repo For Kodi - The addons with the plus</summary>
        <description></description>
        <platform>all</platform>
        <assets>
            <icon>icon.png</icon>
            <clearlogo>logo.png</clearlogo>
        </assets>
    </extension>
</addon>
</addons>
