<?xml version="1.0" encoding="UTF-8"?>
<addons>
<addon id="repository.burekasKodi" name="Burekas Repo" version="1.0.0" provider-name="burekas">
    <requires>
        <import addon="xbmc.addon" version="12.0.0"/>
    </requires>
    <extension point="xbmc.addon.repository" name="Burekas Repo">
        <info compressed="false">https://raw.githubusercontent.com/burekasKodi/repository.burekasKodi/main/addons.xml</info>
        <checksum>https://raw.githubusercontent.com/burekasKodi/repository.burekasKodi/main/addons.xml.md5</checksum>
        <datadir zip="true">https://raw.githubusercontent.com/burekasKodi/repository.burekasKodi/main/zips/</datadir>
        <hashes>false</hashes>
    </extension>
    <extension point="xbmc.addon.metadata">
        <summary>Burekas Repo For Kodi - The addons with the plus</summary>
        <description></description>
        <platform>all</platform>
        <assets>
            <icon>icon.png</icon>
            <clearlogo>logo.png</clearlogo>
        </assets>
    </extension>
</addon>

<addon id="service.subtitles.all_subs_plus" name="All Subs Plus" version="1.0.1" provider-name="burekas">
  <requires>
	<import addon="script.module.requests" version="2.9.1" />
	<import addon="script.common.plugin.cache" version="2.5.5"/>
	<import addon="script.module.chardet" />
    <!-- <import addon="script.subskeys" version="1.0.1"/> -->
  </requires>
  <extension point="xbmc.service" library="autosub.py" start="startup"></extension>
  <extension point="xbmc.subtitle.module" library="service.py"/>
  <extension point="xbmc.addon.metadata">
    <summary lang="en">All sites Subs</summary>
    <description lang="en">All sites Subs. Subcenter,ktuvit,wizdom,subcene,opensubtitles. Thanks to:Sbs,Catz,wizdom,manacker,amet</description>
    <language>en</language>
    <license>GNU GENERAL PUBLIC LICENSE. Version 2, June 1991</license>
    <assets>
        <icon>icon.png</icon>
    </assets>
  </extension>
</addon>
</addons>
