<?xml version="1.0" encoding="UTF-8" standalone="yes"?>
<addon id="service.subtitles.opensubtitles_plus" name="OpenSubtitles Plus" version="1.0.2"  provider-name="burekas">
    <requires>
        <import addon="xbmc.python" version="3.0.0"/>
	    <import addon="script.module.requests" version="2.9.1" />
    </requires>
    <extension point="xbmc.subtitle.module"
               library="service.py" />
    <extension point="xbmc.addon.metadata">
        <summary>OpenSubtitles by OpenSubtitles.org</summary>
        <description lang="en">Anonymously search and download subtitles for movies and TV-Series from OpenSubtitles.org without log-in. Search in 75 languages, 4.000.000+ subtitles, daily updates.[CR]For news, updates &amp; more info - Visit: https://bit.ly/3DaU7JT</description>
        <disclaimer>Works without log-in</disclaimer>                                               
        <news>
        Improved add-on by burekas for OpenSubtitles.org.[CR]Thanks to: amet, opensubtitles
        v1.0.0
        - Users are able to download subtitles as anonymous without authentication. Added localized descriptions, media files
        - Users are able to check for subtitles when Kodi is not playing, by using the manual search or by standing on an item and opening the subtitles search dialog (By key or by an external addon)  | @burekas
        </news>
        <platform>all</platform>
        <language></language>
        <license>GNU GENERAL PUBLIC LICENSE. Version 2, June 1991</license>
        <forum>https://forum.opensubtitles.org/viewtopic.php?f=8&amp;t=15847</forum>
        <website>http://www.opensubtitles.org</website>
        <email>admin [at] opensubtitles {dot} org</email>                                               
        <assets>
            <icon>icon.png</icon>			
        </assets>    
    </extension>
</addon>
