<?xml version="1.0" encoding="UTF-8"?>
<addons>
<addon id="repository.burekasKodi" name="Burekas Repo" version="1.0.1" provider-name="burekas">
    <requires>
        <import addon="xbmc.addon" version="12.0.0"/>
    </requires>
    <extension point="xbmc.addon.repository" name="Burekas Repo">
        <info compressed="false">https://raw.githubusercontent.com/burekasKodi/repository.burekasKodi/main/addons.xml</info>
        <checksum>https://raw.githubusercontent.com/burekasKodi/repository.burekasKodi/main/addons.xml.md5</checksum>
        <datadir zip="true">https://raw.githubusercontent.com/burekasKodi/repository.burekasKodi/main/zips/</datadir>
        <dir>
            <info compressed="false">https://raw.githubusercontent.com/burekasKodi/repository.burekasKodi/main/addons.xml</info>
            <checksum>https://raw.githubusercontent.com/burekasKodi/repository.burekasKodi/main/addons.xml.md5</checksum>
            <datadir zip="true">https://raw.githubusercontent.com/burekasKodi/repository.burekasKodi/main/zips/</datadir>
        </dir>
    </extension>
    <extension point="xbmc.addon.metadata">
        <summary>Burekas Repo For Kodi - The addons with the plus</summary>
        <description></description>
        <platform>all</platform>
        <assets>
            <icon>icon.png</icon>
            <clearlogo>logo.png</clearlogo>
        </assets>
    </extension>
</addon>

<addon id="context.subtitlesdialog.contextmenu" name="Subtitles Dialog - Contextmenu" version="1.1.1" provider-name="burekas">
    <requires>
        <import addon="xbmc.python" version="3.0.0"/>
    </requires>
    <extension point="kodi.context.item" library="addon.py">
        <item>
            <label>32000</label>
            <visible>true</visible>
        </item>
    </extension>
    <extension point="xbmc.addon.metadata">
        <assets>
            <icon>icon.png</icon>
        </assets>
        <summary lang="en">Adds a subtitles dialog contextmenu button</summary>
        <description lang="en">Adds a subtitles dialog contextmenu button to context menu, so you can use the subtitles dialog also when kodi is not playing.[CR] You can use when focusing on an item and it will automatically check it for you without typing or just using the manual search button to check if subtitles exist</description>
        <platform>all</platform>
        <language></language>
        <license>GNU GENERAL PUBLIC LICENSE. Version 3, 29 June 2007</license>
        <forum>http://www.hometheater.co.il/vt265959.html</forum>
        <source></source>
    </extension>
</addon>

<addon id="service.subtitles.all_subs_plus" name="All Subs Plus" version="1.0.2" provider-name="burekas">
  <requires>
	<import addon="script.module.requests" version="2.9.1" />
	<import addon="script.common.plugin.cache" version="2.5.5"/>
	<import addon="script.module.chardet" />
    <!-- <import addon="script.subskeys" version="1.0.1"/> -->
  </requires>
  <extension point="xbmc.service" library="autosub.py" start="startup"></extension>
  <extension point="xbmc.subtitle.module" library="service.py"/>
  <extension point="xbmc.addon.metadata">
    <summary lang="en">All sites Subs</summary>
    <description lang="en">All sites Subs. Subcenter,ktuvit,wizdom,subcene,opensubtitles. Thanks to: Sbs,Catz,wizdom,manacker,amet[CR]For news, updates &amp; more info - Visit: https://bit.ly/3DaU7JT</description>
    <language>en</language>
    <license>GNU GENERAL PUBLIC LICENSE. Version 2, June 1991</license>
    <assets>
        <icon>icon.png</icon>
    </assets>
  </extension>
</addon>

<addon id="service.subtitles.ktuvit_plus" name="Ktuvit Plus" version="1.0.1" provider-name="burekas">
  <requires>
    <import addon="xbmc.python" version="3.0.0"/>
    <import addon="script.module.beautifulsoup4" version="4.8.2"/>
    <import addon="script.module.requests" version="2.9.1"/>
  </requires>
  <extension point="xbmc.subtitle.module" library="service.py"/>
  <extension point="xbmc.addon.metadata">
    <summary lang="en_GB">Ktuvit.me</summary>
    <description lang="en_GB">Search and Download subtitles from ktuvit.me. Thanks to: Catz.[CR]For news, updates &amp; more info - Visit: https://bit.ly/3DaU7JT</description>
    <source>https://github.com/XBMCil/service.subtitles.ktuvit</source>
    <license>GNU GENERAL PUBLIC LICENSE. Version 2, June 1991</license>
    <assets>
        <icon>icon.png</icon>
    </assets>
  </extension>
</addon>

<addon id="service.subtitles.opensubtitles_plus" name="OpenSubtitles Plus" version="1.0.1"  provider-name="burekas">
    <requires>
        <import addon="xbmc.python" version="3.0.0"/>
	    <import addon="script.module.requests" version="2.9.1" />
    </requires>
    <extension point="xbmc.subtitle.module"
               library="service.py" />
    <extension point="xbmc.addon.metadata">
        <summary>OpenSubtitles by OpenSubtitles.org</summary>
        <description lang="en">Anonymously search and download subtitles for movies and TV-Series from OpenSubtitles.org without log-in. Search in 75 languages, 4.000.000+ subtitles, daily updates.[CR]For news, updates &amp; more info - Visit: https://bit.ly/3DaU7JT</description>
        <disclaimer>Works without log-in</disclaimer>
        <news>
        Improved add-on by burekas for OpenSubtitles.org. Thanks to: amet, opensubtitles
        v1.0.0
        - Users are able to download subtitles as anonymous without authentication. Added localized descriptions, media files
        - Users are able to check for subtitles when Kodi is not playing, by using the manual search or by standing on an item and opening the subtitles search dialog (By key or by an external addon)  | @burekas
        </news>
        <platform>all</platform>
        <language></language>
        <license>GNU GENERAL PUBLIC LICENSE. Version 2, June 1991</license>
        <forum>https://forum.opensubtitles.org/viewtopic.php?f=8&amp;t=15847</forum>
        <website>http://www.opensubtitles.org</website>
        <email>admin [at] opensubtitles {dot} org</email>
        <assets>
            <icon>icon.png</icon>
        </assets>
    </extension>
</addon>

<addon id="service.subtitles.wizdom_plus" name="Wizdom Plus" version="1.0.1" provider-name="burekas">
    <requires>
        <import addon="xbmc.python" version="3.0.0"/>
	    <import addon="script.module.requests"/>
    </requires>
    <extension point="xbmc.subtitle.module" library="service.py"/>
    <extension point="xbmc.addon.metadata">
        <summary lang="en">Wizdom Subs</summary>
        <description lang="en">Wizdom Plus. Be smart use subs!  &amp;#xA;Visit us at http://wizdom.xyz[CR]For news, updates &amp; more info - Visit: https://bit.ly/3DaU7JT</description>
        <language>en</language>
        <license>GNU GENERAL PUBLIC LICENSE. Version 2, June 1991</license>
        <assets>
            <icon>icon.png</icon>
        </assets>
    </extension>
</addon>
</addons>
