<?xml version="1.0" encoding="UTF-8" standalone="yes"?>
<addon id="service.subtitles.all_subs_plus" name="All Subs Plus" version="2.3.0" provider-name="burekas">
    <requires>
        <import addon="script.module.requests" version="2.9.1" />
        <import addon="script.module.beautifulsoup4" version="4.8.2" />
        <import addon="script.common.plugin.cache" version="2.5.5"/>
        <import addon="script.module.chardet" />
        <!-- <import addon="script.subskeys" version="1.0.1"/> -->
    </requires>
    <extension point="xbmc.service" library="autosub.py"/>
    <extension point="xbmc.subtitle.module" library="service.py"/>
    <extension point="xbmc.addon.metadata">
        <summary lang="en">Searching subtitles from several providers in one place</summary>
        <summary lang="en_GB">Searching subtitles from several providers in one place</summary>
        <summary lang="he">חיפוש כתוביות ממספר מקורות במקום אחד</summary>
        <summary lang="he_IL">חיפוש כתוביות ממספר מקורות במקום אחד</summary>
        <description lang="en">[CR]Providers included: Wizdom, Ktuvit, OpenSubtitles, Subscene and Local Storage.[CR][CR]Made by Burekas[CR]Thanks to: Sbs, Catz, wizdom, manacker, amet, drorba, rafi_d[CR][CR]For news, updates and more info - Visit: https://bit.ly/3DaU7JT[CR][CR]Burekas Repo: https://bit.ly/49mJge3</description>
        <language>en</language>
        <license>GNU GENERAL PUBLIC LICENSE. Version 2, June 1991</license>
        <assets>
            <icon>icon.png</icon>
        </assets>
    </extension>
</addon>